id,user_id,file,ex_date
1,30,BP91_KD90.pdf,2018-12-06
2,60,RT31_UJ82.pdf,2018-12-06
3,95,LN66_GB30.pdf,2018-12-06
4,51,KQ17_KD62.pdf,2018-12-06
5,83,IF78_EU75.pdf,2018-12-06
6,40,EY78_ZB43.pdf,2018-12-06
7,50,FC41_NH54.pdf,2018-12-06
8,35,NL70_CP40.pdf,2018-12-06
9,68,VK40_HD58.pdf,2018-12-06
10,86,LA11_QH96.pdf,2018-12-06
11,38,NW98_WH23.pdf,2018-12-06
12,14,GD97_IH63.pdf,2018-12-06
13,95,ZL97_CD83.pdf,2018-12-06
14,7,QG96_BF65.pdf,2018-12-06
15,75,MH10_EM26.pdf,2018-12-06
16,77,JX10_VF29.pdf,2018-12-06
17,2,HH53_TJ38.pdf,2018-12-06
18,82,TJ97_WW69.pdf,2018-12-06
19,3,IQ93_WN87.pdf,2018-12-06
20,16,SF23_QM26.pdf,2018-12-06
21,3,SA18_UY74.pdf,2018-12-06
22,43,HA70_QM42.pdf,2018-12-06
23,87,XS76_FK66.pdf,2018-12-06
24,7,RX66_WG14.pdf,2018-12-06
25,12,YX23_YN34.pdf,2018-12-06
26,49,SX46_KP58.pdf,2018-12-06
27,96,XV27_GN81.pdf,2018-12-06
28,40,LK93_CL18.pdf,2018-12-06
29,63,SE56_AB11.pdf,2018-12-06
30,98,FS63_BY97.pdf,2018-12-06
31,61,HN32_NC24.pdf,2018-12-06
32,75,CC38_FZ55.pdf,2018-12-06
33,93,PI15_RX60.pdf,2018-12-06
34,14,TX35_XL82.pdf,2018-12-06
35,21,RR88_RQ82.pdf,2018-12-06
36,82,TK16_CG68.pdf,2018-12-06
37,87,OV81_NA37.pdf,2018-12-06
38,52,ER46_ZP86.pdf,2018-12-06
39,84,OF70_TF77.pdf,2018-12-06
40,34,YS79_HA42.pdf,2018-12-06
41,50,CR44_SQ10.pdf,2018-12-06
42,45,AA18_AI38.pdf,2018-12-06
43,59,LE71_XW29.pdf,2018-12-06
44,82,PB68_ON90.pdf,2018-12-06
45,62,KR69_CI12.pdf,2018-12-06
46,84,BR84_VF18.pdf,2018-12-06
47,13,DB40_VH55.pdf,2018-12-06
48,71,ZV13_HY10.pdf,2018-12-06
49,51,KI65_EA72.pdf,2018-12-06
50,17,WI41_BG34.pdf,2018-12-06
51,23,OA38_IC85.pdf,2018-12-06
52,69,QM66_PO81.pdf,2018-12-06
53,25,IC85_MD60.pdf,2018-12-06
54,46,JY59_IU41.pdf,2018-12-06
55,24,DU57_VA73.pdf,2018-12-06
56,7,TT24_HO23.pdf,2018-12-06
57,99,NW80_DO75.pdf,2018-12-06
58,17,JH19_LR30.pdf,2018-12-06
59,52,IS41_ZZ40.pdf,2018-12-06
60,89,HP83_HA69.pdf,2018-12-06
61,24,RH75_RG30.pdf,2018-12-06
62,24,ZV11_YP61.pdf,2018-12-06
63,11,OC32_CW15.pdf,2018-12-06
64,16,AD57_IE93.pdf,2018-12-06
65,98,YP37_LD68.pdf,2018-12-06
66,43,EA16_CU62.pdf,2018-12-06
67,19,LN72_CJ67.pdf,2018-12-06
68,71,BL14_AT26.pdf,2018-12-06
69,14,FN70_EB30.pdf,2018-12-06
70,72,RX84_QM34.pdf,2018-12-06
71,14,LS18_TH97.pdf,2018-12-06
72,68,NQ61_ZX87.pdf,2018-12-06
73,31,QA54_KP27.pdf,2018-12-06
74,47,DT95_NC30.pdf,2018-12-06
75,45,WS48_GX34.pdf,2018-12-06
76,35,VE18_QZ94.pdf,2018-12-06
77,44,LJ74_HT75.pdf,2018-12-06
78,46,JQ69_VB58.pdf,2018-12-06
79,54,HK20_OB37.pdf,2018-12-06
80,46,IJ88_LD45.pdf,2018-12-06
81,34,XL94_BZ83.pdf,2018-12-06
82,28,PU72_NB29.pdf,2018-12-06
83,60,SU31_FL36.pdf,2018-12-06
84,27,MD77_PS90.pdf,2018-12-06
85,13,WY84_LP42.pdf,2018-12-06
86,6,WT17_SZ47.pdf,2018-12-06
87,47,CY29_SK21.pdf,2018-12-06
88,27,AZ64_FV89.pdf,2018-12-06
89,5,UJ15_WX53.pdf,2018-12-06
90,7,AK20_LV23.pdf,2018-12-06
91,80,PA54_HU19.pdf,2018-12-06
92,70,WK32_UE31.pdf,2018-12-06
93,74,TS94_RK21.pdf,2018-12-06
94,88,GV57_DA59.pdf,2018-12-06
95,67,IF33_CQ50.pdf,2018-12-06
96,75,YI87_XB47.pdf,2018-12-06
97,16,RR86_EM29.pdf,2018-12-06
98,58,BE15_GP98.pdf,2018-12-06
99,86,WR17_II12.pdf,2018-12-06
100,34,OU13_PS27.pdf,2018-12-06
101,94,VQ21_ZG72.pdf,2018-12-06
102,58,FO12_RK42.pdf,2018-12-06
103,70,WJ34_LV15.pdf,2018-12-06
104,39,IA94_YC50.pdf,2018-12-06
105,64,SY48_JB19.pdf,2018-12-06
106,25,JW90_QP17.pdf,2018-12-06
107,53,FJ33_GX77.pdf,2018-12-06
108,2,NZ82_IE67.pdf,2018-12-06
109,30,FP80_TT55.pdf,2018-12-06
110,55,TX63_SR74.pdf,2018-12-06
111,65,BD34_RQ97.pdf,2018-12-06
112,69,UA28_SQ10.pdf,2018-12-06
113,77,JF98_AH56.pdf,2018-12-06
114,32,LV24_RS75.pdf,2018-12-06
115,42,MD82_CJ19.pdf,2018-12-06
116,69,GL75_LG18.pdf,2018-12-06
117,45,JF59_ZA92.pdf,2018-12-06
118,87,JO19_AY84.pdf,2018-12-06
119,7,TJ98_QD27.pdf,2018-12-06
120,22,BF34_FC76.pdf,2018-12-06
121,33,NV95_SN84.pdf,2018-12-06
122,76,DS84_BS32.pdf,2018-12-06
123,80,YU21_RK38.pdf,2018-12-06
124,86,JQ78_MC57.pdf,2018-12-06
125,32,BA57_VX84.pdf,2018-12-06
126,65,BU70_NL75.pdf,2018-12-06
127,49,VV43_AQ79.pdf,2018-12-06
128,86,AE57_EY78.pdf,2018-12-06
129,36,BO13_BU74.pdf,2018-12-06
130,80,BW68_UW31.pdf,2018-12-06
131,34,QT29_RR64.pdf,2018-12-06
132,14,PD59_BT94.pdf,2018-12-06
133,51,ZT25_UE12.pdf,2018-12-06
134,90,IZ98_JA54.pdf,2018-12-06
135,28,NR75_ZW12.pdf,2018-12-06
136,28,KW46_JW30.pdf,2018-12-06
137,98,VO21_ZQ37.pdf,2018-12-06
138,65,DG92_OB48.pdf,2018-12-06
139,91,HG19_EE13.pdf,2018-12-06
140,43,RZ57_BP26.pdf,2018-12-06
141,75,SU20_RC27.pdf,2018-12-06
142,64,OF68_AK35.pdf,2018-12-06
143,67,GX30_TB84.pdf,2018-12-06
144,68,BB92_LX70.pdf,2018-12-06
145,8,NR76_VZ14.pdf,2018-12-06
146,54,KZ52_EE96.pdf,2018-12-06
147,6,CK92_YW45.pdf,2018-12-06
148,93,RB36_XE92.pdf,2018-12-06
149,75,QP73_BZ10.pdf,2018-12-06
150,35,BK36_NR54.pdf,2018-12-06
151,87,BE92_RS82.pdf,2018-12-06
152,17,IG95_NG17.pdf,2018-12-06
153,43,WI78_MS92.pdf,2018-12-06
154,4,EA32_OJ80.pdf,2018-12-06
155,40,JN24_HM75.pdf,2018-12-06
156,77,CQ51_RU45.pdf,2018-12-06
157,28,IV15_UX35.pdf,2018-12-06
158,43,PP25_RV41.pdf,2018-12-06
159,92,NV36_ZD76.pdf,2018-12-06
160,59,MQ59_HQ44.pdf,2018-12-06
161,68,KO23_NA50.pdf,2018-12-06
162,21,YV54_ZQ53.pdf,2018-12-06
163,35,EU56_EF74.pdf,2018-12-06
164,13,JC82_GQ56.pdf,2018-12-06
165,52,LO67_YH87.pdf,2018-12-06
166,60,CF67_XZ90.pdf,2018-12-06
167,95,TH61_VA38.pdf,2018-12-06
168,6,DT67_GI11.pdf,2018-12-06
169,26,WW31_CP49.pdf,2018-12-06
170,94,PC17_CS38.pdf,2018-12-06
171,26,DR35_XP39.pdf,2018-12-06
172,43,OY32_RJ30.pdf,2018-12-06
173,47,FB53_JH74.pdf,2018-12-06
174,91,DU38_ML20.pdf,2018-12-06
175,65,NO26_AQ88.pdf,2018-12-06
176,8,YM64_VU53.pdf,2018-12-06
177,31,GO29_UU35.pdf,2018-12-06
178,5,RK81_RG63.pdf,2018-12-06
179,56,NA21_DX30.pdf,2018-12-06
180,14,MP59_DW75.pdf,2018-12-06
181,24,CI87_BO48.pdf,2018-12-06
182,29,FO92_WV30.pdf,2018-12-06
183,14,IJ57_UZ41.pdf,2018-12-06
184,65,OD39_ZI66.pdf,2018-12-06
185,10,UL80_KP63.pdf,2018-12-06
186,75,HD93_MX42.pdf,2018-12-06
187,43,BI57_QX58.pdf,2018-12-06
188,10,LR20_WY93.pdf,2018-12-06
189,75,SY46_DR80.pdf,2018-12-06
190,70,PY75_AY37.pdf,2018-12-06
191,54,XB55_LN85.pdf,2018-12-06
192,22,RM39_HC80.pdf,2018-12-06
193,65,UR43_JD89.pdf,2018-12-06
194,63,NJ72_NB64.pdf,2018-12-06
195,16,PL67_OY60.pdf,2018-12-06
196,43,RY14_UN45.pdf,2018-12-06
197,20,FA90_YA58.pdf,2018-12-06
198,89,XW51_ZU47.pdf,2018-12-06
199,65,GO49_KF22.pdf,2018-12-06
200,97,UW71_LQ51.pdf,2018-12-06
201,40,RN31_WR99.pdf,2018-12-06
202,52,UC17_NU71.pdf,2018-12-06
203,55,RB21_SA86.pdf,2018-12-06
204,61,XB74_IB31.pdf,2018-12-06
205,43,OB99_ZY76.pdf,2018-12-06
206,75,XH43_NM36.pdf,2018-12-06
207,4,PY25_PJ20.pdf,2018-12-06
208,33,TW57_LO61.pdf,2018-12-06
209,24,ZK30_WZ79.pdf,2018-12-06
210,59,VP15_BU65.pdf,2018-12-06
211,68,VR44_DL82.pdf,2018-12-06
212,17,NV37_VD70.pdf,2018-12-06
213,95,NH23_FB91.pdf,2018-12-06
214,94,JZ70_DG12.pdf,2018-12-06
215,63,TW98_XQ80.pdf,2018-12-06
216,94,NA18_TO31.pdf,2018-12-06
217,31,BC40_AB48.pdf,2018-12-06
218,78,NH44_QK72.pdf,2018-12-06
219,18,VL90_WB79.pdf,2018-12-06
220,5,CF50_GT80.pdf,2018-12-06
221,91,JE73_JE11.pdf,2018-12-06
222,44,XT26_VW64.pdf,2018-12-06
223,43,RE58_IV31.pdf,2018-12-06
224,94,QT32_EF32.pdf,2018-12-06
225,38,RN97_RQ44.pdf,2018-12-06
226,71,LA15_FM10.pdf,2018-12-06
227,53,BS41_ZF71.pdf,2018-12-06
228,76,WQ42_OT24.pdf,2018-12-06
229,42,EJ35_AN72.pdf,2018-12-06
230,67,AK95_EN67.pdf,2018-12-06
231,7,OA56_DN37.pdf,2018-12-06
232,11,LB14_CZ99.pdf,2018-12-06
233,77,DB39_TR52.pdf,2018-12-06
234,18,ZY48_ZN42.pdf,2018-12-06
235,22,LJ90_QC87.pdf,2018-12-06
236,87,TZ49_PY71.pdf,2018-12-06
237,13,IS84_AR76.pdf,2018-12-06
238,88,XK75_CN60.pdf,2018-12-06
239,100,PJ64_PN41.pdf,2018-12-06
240,100,DW70_OF22.pdf,2018-12-06
241,67,VH54_RO39.pdf,2018-12-06
242,44,WW29_EP99.pdf,2018-12-06
243,12,HB59_OJ80.pdf,2018-12-06
244,52,VR73_VB16.pdf,2018-12-06
245,50,HG96_EW53.pdf,2018-12-06
246,38,KZ42_CO11.pdf,2018-12-06
247,31,RZ62_KN73.pdf,2018-12-06
248,46,KZ19_YU17.pdf,2018-12-06
249,13,KW15_NH58.pdf,2018-12-06
250,36,LE14_LC66.pdf,2018-12-06
251,24,CX94_OR34.pdf,2018-12-06
252,47,ME55_KJ41.pdf,2018-12-06
253,13,ZN37_HI35.pdf,2018-12-06
254,95,MI62_OU42.pdf,2018-12-06
255,28,ZP80_HP27.pdf,2018-12-06
256,71,PS17_VU53.pdf,2018-12-05
257,6,OK98_TR42.pdf,2018-12-05
258,40,MG47_FC37.pdf,2018-12-05
259,76,TQ37_AG16.pdf,2018-12-05
260,77,EA29_MJ47.pdf,2018-12-05
261,72,MS20_FC33.pdf,2018-12-05
262,33,LE10_RO82.pdf,2018-12-05
263,100,HO77_NS16.pdf,2018-12-05
264,58,HD52_ZZ42.pdf,2018-12-05
265,68,RA62_MC56.pdf,2018-12-05
266,49,TM65_JX61.pdf,2018-12-05
267,31,WX99_PD58.pdf,2018-12-05
268,41,EK77_BG99.pdf,2018-12-05
269,67,GT80_SZ80.pdf,2018-12-05
270,43,PV85_EU25.pdf,2018-12-05
271,65,EI39_HW45.pdf,2018-12-05
272,67,DD73_KQ59.pdf,2018-12-05
273,5,JP41_OU58.pdf,2018-12-05
274,8,CU45_UA45.pdf,2018-12-05
275,19,PX28_ET33.pdf,2018-12-05
276,91,DO77_AS20.pdf,2018-12-05
277,25,CJ73_NV39.pdf,2018-12-05
278,76,CG47_IF70.pdf,2018-12-05
279,89,TH30_LP58.pdf,2018-12-05
280,69,DV30_US88.pdf,2018-12-05
281,32,SS31_WT64.pdf,2018-12-05
282,54,TN51_PK84.pdf,2018-12-05
283,79,HZ22_HC46.pdf,2018-12-05
284,18,VI20_HW31.pdf,2018-12-05
285,24,JK35_EP29.pdf,2018-12-05
286,39,EQ76_VY25.pdf,2018-12-05
287,91,GM53_NZ98.pdf,2018-12-05
288,20,UH98_VZ25.pdf,2018-12-05
289,15,XX30_BG49.pdf,2018-12-05
290,28,XU63_VA94.pdf,2018-12-05
291,61,RL96_CA24.pdf,2018-12-05
292,39,PC22_DV13.pdf,2018-12-05
293,57,EQ58_CZ21.pdf,2018-12-05
294,61,RU81_SA60.pdf,2018-12-05
295,32,OQ73_OD52.pdf,2018-12-05
296,88,UJ34_JJ46.pdf,2018-12-05
297,74,KM42_RX42.pdf,2018-12-05
298,39,KS85_ZB66.pdf,2018-12-05
299,40,YQ66_RP51.pdf,2018-12-05
300,28,YV73_DB61.pdf,2018-12-05
301,43,AL99_JU85.pdf,2018-12-05
302,53,ZL61_UE49.pdf,2018-12-05
303,12,GC29_KB18.pdf,2018-12-05
304,71,OZ71_RX87.pdf,2018-12-05
305,94,TO81_ES27.pdf,2018-12-05
306,42,II21_TT30.pdf,2018-12-05
307,20,ZM51_UJ40.pdf,2018-12-05
308,8,EZ89_BT46.pdf,2018-12-05
309,85,IR90_QC60.pdf,2018-12-05
310,56,OI92_KM99.pdf,2018-12-05
311,40,WL66_YU16.pdf,2018-12-05
312,2,ON24_YY48.pdf,2018-12-05
313,94,UQ80_XA40.pdf,2018-12-05
314,76,TO39_ZH89.pdf,2018-12-05
315,11,EW39_VC18.pdf,2018-12-05
316,92,OK69_FT33.pdf,2018-12-05
317,3,WI85_GK80.pdf,2018-12-05
318,59,DP15_UF23.pdf,2018-12-05
319,18,JC64_TI23.pdf,2018-12-05
320,90,AN82_QE55.pdf,2018-12-05
321,44,SP13_RW99.pdf,2018-12-05
322,43,AO46_LV16.pdf,2018-12-05
323,39,WB49_TH35.pdf,2018-12-05
324,5,VR26_JZ13.pdf,2018-12-05
325,90,GA58_LU31.pdf,2018-12-05
326,2,MC97_MB91.pdf,2018-12-05
327,41,OW91_VK65.pdf,2018-12-05
328,52,FY52_SD42.pdf,2018-12-05
329,23,OG87_WZ59.pdf,2018-12-05
330,3,IX69_EF87.pdf,2018-12-05
331,26,GT67_ZE81.pdf,2018-12-05
332,49,OE72_MH84.pdf,2018-12-05
333,73,TO36_YP40.pdf,2018-12-05
334,39,HW27_UC66.pdf,2018-12-05
335,12,SH51_SG32.pdf,2018-12-05
336,17,HU88_JV20.pdf,2018-12-05
337,38,UU18_QY57.pdf,2018-12-05
338,74,QZ36_JA66.pdf,2018-12-05
339,3,OT23_MY60.pdf,2018-12-05
340,49,FV64_QA88.pdf,2018-12-05
341,38,KZ51_YG80.pdf,2018-12-05
342,79,RR54_UW64.pdf,2018-12-05
343,83,RJ94_HL96.pdf,2018-12-05
344,84,IT47_GJ24.pdf,2018-12-05
345,3,TY25_VO52.pdf,2018-12-05
346,56,QI34_HD55.pdf,2018-12-05
347,76,PR24_LO37.pdf,2018-12-05
348,75,GT58_KP76.pdf,2018-12-05
349,79,AP73_SH89.pdf,2018-12-05
350,25,IZ19_XK43.pdf,2018-12-05
351,25,SV74_LT37.pdf,2018-12-05
352,35,BU62_YH64.pdf,2018-12-05
353,97,II23_JB85.pdf,2018-12-05
354,24,SK70_QM40.pdf,2018-12-05
355,30,HJ77_SN88.pdf,2018-12-05
356,75,AU57_CG48.pdf,2018-12-05
357,66,TT36_NL61.pdf,2018-12-05
358,36,VP69_UY95.pdf,2018-12-05
359,82,MU91_ZO26.pdf,2018-12-05
360,84,OD52_QO97.pdf,2018-12-05
361,17,YH90_QP10.pdf,2018-12-05
362,81,HA65_MG17.pdf,2018-12-05
363,9,IO21_BR27.pdf,2018-12-05
364,39,SL67_CG77.pdf,2018-12-05
365,81,WA63_JG90.pdf,2018-12-05
366,81,KL30_SZ47.pdf,2018-12-05
367,38,LH28_LT11.pdf,2018-12-05
368,39,WK42_NB62.pdf,2018-12-05
369,7,LI22_BI95.pdf,2018-12-05
370,1,QW82_UE36.pdf,2018-12-05
371,35,ZP87_MR80.pdf,2018-12-05
372,67,ED30_XM34.pdf,2018-12-05
373,5,DP27_DD34.pdf,2018-12-05
374,94,VS34_KY83.pdf,2018-12-05
375,72,IE22_QE14.pdf,2018-12-05
376,61,FD37_PJ66.pdf,2018-12-05
377,68,MS40_NI57.pdf,2018-12-05
378,21,ZW86_YO48.pdf,2018-12-05
379,100,SU14_NZ76.pdf,2018-12-05
380,79,PA97_LM63.pdf,2018-12-05
381,84,VT92_DI76.pdf,2018-12-05
382,74,ER34_HM47.pdf,2018-12-05
383,72,FF44_SL68.pdf,2018-12-05
384,2,KV25_JZ12.pdf,2018-12-05
385,50,LP17_DK31.pdf,2018-12-05
386,79,PL24_UF22.pdf,2018-12-05
387,27,IZ96_DV54.pdf,2018-12-05
388,56,BC74_PM11.pdf,2018-12-05
389,34,PP83_EK17.pdf,2018-12-05
390,81,WL38_ZE87.pdf,2018-12-05
391,87,ON83_DN65.pdf,2018-12-05
392,13,DS23_GN21.pdf,2018-12-05
393,25,DL70_UF18.pdf,2018-12-05
394,12,RB59_FH46.pdf,2018-12-05
395,60,PO86_ET88.pdf,2018-12-05
396,52,EN50_RY79.pdf,2018-12-05
397,70,XS30_QY26.pdf,2018-12-05
398,93,VH22_GP65.pdf,2018-12-05
399,7,LM26_MU41.pdf,2018-12-05
400,54,BQ73_GM75.pdf,2018-12-05
401,19,PR35_AM68.pdf,2018-12-05
402,95,ZW58_EV86.pdf,2018-12-05
403,64,JS85_FM68.pdf,2018-12-05
404,22,CA57_BL56.pdf,2018-12-05
405,78,ZY74_XY34.pdf,2018-12-05
406,31,RH71_EC55.pdf,2018-12-05
407,98,UY65_SY95.pdf,2018-12-05
408,99,UO72_CM92.pdf,2018-12-05
409,89,OA29_XK59.pdf,2018-12-05
410,36,DA90_YM85.pdf,2018-12-05
411,10,WZ68_AB84.pdf,2018-12-05
412,47,CN75_RH57.pdf,2018-12-05
413,67,TV62_NL44.pdf,2018-12-05
414,76,ZR92_XA33.pdf,2018-12-05
415,84,AC38_WI48.pdf,2018-12-05
416,80,FS17_TJ57.pdf,2018-12-05
417,37,QI56_QN62.pdf,2018-12-05
418,88,NV62_ZA50.pdf,2018-12-05
419,89,ES42_ZM53.pdf,2018-12-05
420,36,RZ31_ZX33.pdf,2018-12-05
421,39,QE58_FT37.pdf,2018-12-05
422,74,BX74_SV51.pdf,2018-12-05
423,99,YT71_LN38.pdf,2018-12-05
424,44,ZA59_QR37.pdf,2018-12-05
425,62,SI31_BW73.pdf,2018-12-05
426,79,OO38_HA30.pdf,2018-12-05
427,20,ID54_LB20.pdf,2018-12-05
428,2,PE40_UA12.pdf,2018-12-05
429,60,SK23_RQ13.pdf,2018-12-05
430,87,YY69_KT11.pdf,2018-12-05
431,69,KI22_MV41.pdf,2018-12-05
432,84,CM92_UO87.pdf,2018-12-05
433,2,ZB45_ZB46.pdf,2018-12-05
434,43,QN37_XE73.pdf,2018-12-05
435,97,GO89_UX70.pdf,2018-12-05
436,52,OM10_PR51.pdf,2018-12-05
437,7,IO90_HW15.pdf,2018-12-05
438,58,AH73_ET64.pdf,2018-12-05
439,97,AL80_DJ71.pdf,2018-12-05
440,90,LJ52_AT74.pdf,2018-12-05
441,98,GY54_AY12.pdf,2018-12-05
442,10,FG42_MP75.pdf,2018-12-05
443,92,IV92_LN34.pdf,2018-12-05
444,74,FR76_XO21.pdf,2018-12-05
445,46,HT47_FE13.pdf,2018-12-05
446,5,NH71_TE96.pdf,2018-12-05
447,49,AV22_ZJ14.pdf,2018-12-05
448,38,DS91_FS23.pdf,2018-12-05
449,85,FL41_GB35.pdf,2018-12-05
450,59,FC78_UZ81.pdf,2018-12-05
451,16,HD50_DK60.pdf,2018-12-05
452,25,YP23_DC96.pdf,2018-12-05
453,44,PN67_WM51.pdf,2018-12-05
454,89,NL14_DU20.pdf,2018-12-05
455,15,VY74_JU13.pdf,2018-12-05
456,60,XC93_BJ23.pdf,2018-12-05
457,94,FT23_IR41.pdf,2018-12-05
458,82,LS64_TM32.pdf,2018-12-05
459,90,FG13_WI94.pdf,2018-12-05
460,87,NP11_WK86.pdf,2018-12-05
461,67,GY79_WR45.pdf,2018-12-05
462,42,IO74_TT53.pdf,2018-12-05
463,7,KP68_FZ45.pdf,2018-12-05
464,90,BT76_JK31.pdf,2018-12-05
465,91,SF99_GI44.pdf,2018-12-05
466,85,XY83_YL62.pdf,2018-12-05
467,74,WB47_JK96.pdf,2018-12-05
468,76,UF33_CH73.pdf,2018-12-05
469,31,WY27_OH79.pdf,2018-12-05
470,77,QK43_NU69.pdf,2018-12-05
471,48,RY78_TK27.pdf,2018-12-05
472,41,ML87_SJ55.pdf,2018-12-05
473,67,MT78_DD47.pdf,2018-12-05
474,50,BM27_FY94.pdf,2018-12-05
475,73,FG25_ME67.pdf,2018-12-05
476,51,DE57_OV61.pdf,2018-12-05
477,19,BJ66_HZ54.pdf,2018-12-05
478,84,XE51_KR75.pdf,2018-12-05
479,87,YD22_YX96.pdf,2018-12-05
480,40,IN49_LU99.pdf,2018-12-05
481,43,IP61_PB34.pdf,2018-12-05
482,18,SM62_BI41.pdf,2018-12-05
483,64,FT29_KP42.pdf,2018-12-05
484,18,CW76_QG92.pdf,2018-12-05
485,52,JP24_EV44.pdf,2018-12-05
486,21,IS51_XB35.pdf,2018-12-05
487,7,RR94_UH29.pdf,2018-12-05
488,26,DF83_OG32.pdf,2018-12-05
489,41,UG13_FZ97.pdf,2018-12-05
490,89,VT46_VL92.pdf,2018-12-05
491,4,FL89_ZV16.pdf,2018-12-05
492,11,YP74_TZ63.pdf,2018-12-05
493,97,OS31_CI49.pdf,2018-12-05
494,66,SY12_FZ45.pdf,2018-12-05
495,22,LZ41_ST96.pdf,2018-12-05
496,78,LZ93_IG14.pdf,2018-12-04
497,89,OH62_TB98.pdf,2018-12-04
498,12,NI56_CR60.pdf,2018-12-04
499,66,UY98_XD84.pdf,2018-12-04
500,16,XA97_BI35.pdf,2018-12-04
501,37,FN19_OI35.pdf,2018-12-04
502,14,VL87_MQ39.pdf,2018-12-04
503,60,OV87_VK48.pdf,2018-12-04
504,54,GG46_NV17.pdf,2018-12-04
505,24,JT51_BJ22.pdf,2018-12-04
506,59,YS17_CJ14.pdf,2018-12-04
507,98,QP17_QD14.pdf,2018-12-04
508,33,XE52_WH23.pdf,2018-12-04
509,62,RN37_HQ44.pdf,2018-12-04
510,52,OR20_LW86.pdf,2018-12-04
511,100,PM60_RW62.pdf,2018-12-04
512,87,EU43_EA48.pdf,2018-12-04
513,71,FV15_NI71.pdf,2018-12-04
514,44,DO39_ZT83.pdf,2018-12-04
515,41,SS74_HX85.pdf,2018-12-04
516,67,BY18_DL88.pdf,2018-12-04
517,38,JY88_ZX95.pdf,2018-12-04
518,93,RU28_TC20.pdf,2018-12-04
519,73,DM42_XJ12.pdf,2018-12-04
520,34,GM22_BA17.pdf,2018-12-04
521,62,YA38_UR68.pdf,2018-12-04
522,63,BL39_RW87.pdf,2018-12-04
523,80,ZF97_YT66.pdf,2018-12-04
524,56,RF72_OM10.pdf,2018-12-04
525,6,EX56_WH74.pdf,2018-12-04
526,87,GX75_KB52.pdf,2018-12-04
527,1,SW66_UD74.pdf,2018-12-04
528,5,KF55_BA84.pdf,2018-12-04
529,11,NY57_HF75.pdf,2018-12-04
530,41,YO71_QN29.pdf,2018-12-04
531,98,ST41_DE95.pdf,2018-12-04
532,56,QI52_YA34.pdf,2018-12-04
533,3,SU82_HE95.pdf,2018-12-04
534,79,OB87_MB97.pdf,2018-12-04
535,35,LG79_KY68.pdf,2018-12-04
536,49,TV53_ST53.pdf,2018-12-04
537,37,XP41_EF44.pdf,2018-12-04
538,68,EX37_MY92.pdf,2018-12-04
539,94,QI59_ZP16.pdf,2018-12-04
540,95,BR97_TB26.pdf,2018-12-04
541,65,MV31_RL74.pdf,2018-12-04
542,37,GL56_QE31.pdf,2018-12-04
543,18,SX55_AU95.pdf,2018-12-04
544,84,AL17_YO61.pdf,2018-12-04
545,36,ZX31_DP61.pdf,2018-12-04
546,69,DA32_XP98.pdf,2018-12-04
547,67,AU28_FT59.pdf,2018-12-04
548,19,QJ10_KW38.pdf,2018-12-04
549,27,CO73_JP75.pdf,2018-12-04
550,87,PI50_OZ38.pdf,2018-12-04
551,5,CV86_CY92.pdf,2018-12-04
552,27,SD81_MQ70.pdf,2018-12-04
553,10,DR31_IG57.pdf,2018-12-04
554,41,GL62_VC70.pdf,2018-12-04
555,80,VG63_IU49.pdf,2018-12-04
556,9,LO67_WR89.pdf,2018-12-04
557,13,YH73_XE34.pdf,2018-12-04
558,25,AZ53_MY18.pdf,2018-12-04
559,80,MB90_OO75.pdf,2018-12-04
560,25,AO20_NX49.pdf,2018-12-04
561,81,FL13_HU17.pdf,2018-12-04
562,67,XF60_HA56.pdf,2018-12-04
563,26,UN64_ZZ40.pdf,2018-12-04
564,7,LU86_JX94.pdf,2018-12-04
565,87,RI46_XO99.pdf,2018-12-04
566,11,RN42_UH23.pdf,2018-12-04
567,42,FU49_VV87.pdf,2018-12-04
568,13,RU49_UB79.pdf,2018-12-04
569,1,PZ58_EM91.pdf,2018-12-04
570,33,AF74_ZK46.pdf,2018-12-04
571,78,ZU22_IG81.pdf,2018-12-04
572,83,PW72_WY60.pdf,2018-12-04
573,51,CO96_OD96.pdf,2018-12-04
574,98,YJ43_DQ96.pdf,2018-12-04
575,55,MH54_MF11.pdf,2018-12-04
576,93,JI77_NL11.pdf,2018-12-04
577,87,QI22_AD93.pdf,2018-12-04
578,81,FS59_WB85.pdf,2018-12-04
579,64,FV37_OL81.pdf,2018-12-04
580,80,TH50_UE62.pdf,2018-12-04
581,5,SK73_HO15.pdf,2018-12-04
582,30,AI25_RI98.pdf,2018-12-04
583,54,EO17_VF56.pdf,2018-12-04
584,71,UV41_AT87.pdf,2018-12-04
585,28,WF81_BC39.pdf,2018-12-04
586,97,ZV75_EL90.pdf,2018-12-04
587,70,QZ89_VY74.pdf,2018-12-04
588,19,FL67_XP97.pdf,2018-12-04
589,13,VU18_HM43.pdf,2018-12-04
590,9,KW90_OE92.pdf,2018-12-04
591,9,WQ80_OF19.pdf,2018-12-04
